system_id,system_name,t2_us,t1_us,temperature_k,noise_level,target_phenomenology,winner_strategy,robustness_gain_percent,p3_robustness,p4_robustness,geometric_phase_rad,p3_variance_r,p4_variance_r
ASAP2s,ASAP2s,10.0,5000.0,298.0,0.13636363636363635,uniform,P4,67.82929,1.5697342e-05,5.049946e-06,0.05771329945180232,2.6869244e-05,2.4862113e-05
ASAP2s,ASAP2s,10.0,5000.0,298.0,0.13636363636363635,fragmented,P4,100.0,1.505293e-06,0.0,0.05771329945180232,2.6869244e-05,2.4862113e-05
ASAP3,ASAP3,10.0,5000.0,298.0,0.13636363636363635,uniform,P4,67.82929,1.5697342e-05,5.049946e-06,0.05771329945180232,2.6869244e-05,2.4862113e-05
ASAP3,ASAP3,10.0,5000.0,298.0,0.13636363636363635,fragmented,P4,100.0,1.505293e-06,0.0,0.05771329945180232,2.6869244e-05,2.4862113e-05
Ace-mNeon,Ace-mNeon,10.0,5000.0,298.0,0.13636363636363635,uniform,P4,67.82929,1.5697342e-05,5.049946e-06,0.05771329945180232,2.6869244e-05,2.4862113e-05
Ace-mNeon,Ace-mNeon,10.0,5000.0,298.0,0.13636363636363635,fragmented,P4,100.0,1.505293e-06,0.0,0.05771329945180232,2.6869244e-05,2.4862113e-05
ArcLight,ArcLight,10.0,5000.0,298.0,0.13636363636363635,uniform,P4,67.82929,1.5697342e-05,5.049946e-06,0.05771329945180232,2.6869244e-05,2.4862113e-05
ArcLight,ArcLight,10.0,5000.0,298.0,0.13636363636363635,fragmented,P4,100.0,1.505293e-06,0.0,0.05771329945180232,2.6869244e-05,2.4862113e-05
Archon1,Archon1,10.0,5000.0,298.0,0.13636363636363635,uniform,P4,67.82929,1.5697342e-05,5.049946e-06,0.05771329945180232,2.6869244e-05,2.4862113e-05
Archon1,Archon1,10.0,5000.0,298.0,0.13636363636363635,fragmented,P4,100.0,1.505293e-06,0.0,0.05771329945180232,2.6869244e-05,2.4862113e-05
Clover,Clover,10.0,5000.0,298.0,0.13636363636363635,uniform,P4,67.82929,1.5697342e-05,5.049946e-06,0.05771329945180232,2.6869244e-05,2.4862113e-05
Clover,Clover,10.0,5000.0,298.0,0.13636363636363635,fragmented,P4,100.0,1.505293e-06,0.0,0.05771329945180232,2.6869244e-05,2.4862113e-05
DsRed2,DsRed2,10.0,5000.0,298.0,0.13636363636363635,uniform,P4,67.82929,1.5697342e-05,5.049946e-06,0.05771329945180232,2.6869244e-05,2.4862113e-05
DsRed2,DsRed2,10.0,5000.0,298.0,0.13636363636363635,fragmented,P4,100.0,1.505293e-06,0.0,0.05771329945180232,2.6869244e-05,2.4862113e-05
ECFP,ECFP,10.0,5000.0,298.0,0.13636363636363635,uniform,P4,67.82929,1.5697342e-05,5.049946e-06,0.05771329945180232,2.6869244e-05,2.4862113e-05
ECFP,ECFP,10.0,5000.0,298.0,0.13636363636363635,fragmented,P4,100.0,1.505293e-06,0.0,0.05771329945180232,2.6869244e-05,2.4862113e-05
EGFP,EGFP,10.0,5000.0,298.0,0.13636363636363635,uniform,P4,67.82929,1.5697342e-05,5.049946e-06,0.05771329945180232,2.6869244e-05,2.4862113e-05
EGFP,EGFP,10.0,5000.0,298.0,0.13636363636363635,fragmented,P4,100.0,1.505293e-06,0.0,0.05771329945180232,2.6869244e-05,2.4862113e-05
Epac-SH187,Epac-SH187,10.0,5000.0,298.0,0.13636363636363635,uniform,P4,67.82929,1.5697342e-05,5.049946e-06,0.05771329945180232,2.6869244e-05,2.4862113e-05
Epac-SH187,Epac-SH187,10.0,5000.0,298.0,0.13636363636363635,fragmented,P4,100.0,1.505293e-06,0.0,0.05771329945180232,2.6869244e-05,2.4862113e-05
FusionRed,FusionRed,10.0,5000.0,298.0,0.13636363636363635,uniform,P4,67.82929,1.5697342e-05,5.049946e-06,0.05771329945180232,2.6869244e-05,2.4862113e-05
FusionRed,FusionRed,10.0,5000.0,298.0,0.13636363636363635,fragmented,P4,100.0,1.505293e-06,0.0,0.05771329945180232,2.6869244e-05,2.4862113e-05
GCaMP6f,GCaMP6f,10.0,5000.0,298.0,0.13636363636363635,uniform,P4,67.82929,1.5697342e-05,5.049946e-06,0.05771329945180232,2.6869244e-05,2.4862113e-05
GCaMP6f,GCaMP6f,10.0,5000.0,298.0,0.13636363636363635,fragmented,P4,100.0,1.505293e-06,0.0,0.05771329945180232,2.6869244e-05,2.4862113e-05
GCaMP6s,GCaMP6s,10.0,5000.0,298.0,0.13636363636363635,uniform,P4,67.82929,1.5697342e-05,5.049946e-06,0.05771329945180232,2.6869244e-05,2.4862113e-05
GCaMP6s,GCaMP6s,10.0,5000.0,298.0,0.13636363636363635,fragmented,P4,100.0,1.505293e-06,0.0,0.05771329945180232,2.6869244e-05,2.4862113e-05
GRAB-5HT1.0,GRAB-5HT1.0,10.0,5000.0,298.0,0.13636363636363635,uniform,P4,67.82929,1.5697342e-05,5.049946e-06,0.05771329945180232,2.6869244e-05,2.4862113e-05
GRAB-5HT1.0,GRAB-5HT1.0,10.0,5000.0,298.0,0.13636363636363635,fragmented,P4,100.0,1.505293e-06,0.0,0.05771329945180232,2.6869244e-05,2.4862113e-05
GRAB-ACh3.0,GRAB-ACh3.0,10.0,5000.0,298.0,0.13636363636363635,uniform,P4,67.82929,1.5697342e-05,5.049946e-06,0.05771329945180232,2.6869244e-05,2.4862113e-05
GRAB-ACh3.0,GRAB-ACh3.0,10.0,5000.0,298.0,0.13636363636363635,fragmented,P4,100.0,1.505293e-06,0.0,0.05771329945180232,2.6869244e-05,2.4862113e-05
GRAB-DA2h,GRAB-DA2h,10.0,5000.0,298.0,0.13636363636363635,uniform,P4,67.82929,1.5697342e-05,5.049946e-06,0.05771329945180232,2.6869244e-05,2.4862113e-05
GRAB-DA2h,GRAB-DA2h,10.0,5000.0,298.0,0.13636363636363635,fragmented,P4,100.0,1.505293e-06,0.0,0.05771329945180232,2.6869244e-05,2.4862113e-05
GRAB-DA2m,GRAB-DA2m,10.0,5000.0,298.0,0.13636363636363635,uniform,P4,67.82929,1.5697342e-05,5.049946e-06,0.05771329945180232,2.6869244e-05,2.4862113e-05
GRAB-DA2m,GRAB-DA2m,10.0,5000.0,298.0,0.13636363636363635,fragmented,P4,100.0,1.505293e-06,0.0,0.05771329945180232,2.6869244e-05,2.4862113e-05
GRAB-NE1m,GRAB-NE1m,10.0,5000.0,298.0,0.13636363636363635,uniform,P4,67.82929,1.5697342e-05,5.049946e-06,0.05771329945180232,2.6869244e-05,2.4862113e-05
GRAB-NE1m,GRAB-NE1m,10.0,5000.0,298.0,0.13636363636363635,fragmented,P4,100.0,1.505293e-06,0.0,0.05771329945180232,2.6869244e-05,2.4862113e-05
HyPer,HyPer,10.0,5000.0,298.0,0.13636363636363635,uniform,P4,67.82929,1.5697342e-05,5.049946e-06,0.05771329945180232,2.6869244e-05,2.4862113e-05
HyPer,HyPer,10.0,5000.0,298.0,0.13636363636363635,fragmented,P4,100.0,1.505293e-06,0.0,0.05771329945180232,2.6869244e-05,2.4862113e-05
HyPer7,HyPer7,10.0,5000.0,298.0,0.13636363636363635,uniform,P4,67.82929,1.5697342e-05,5.049946e-06,0.05771329945180232,2.6869244e-05,2.4862113e-05
HyPer7,HyPer7,10.0,5000.0,298.0,0.13636363636363635,fragmented,P4,100.0,1.505293e-06,0.0,0.05771329945180232,2.6869244e-05,2.4862113e-05
HyPer3,HyPer3,10.0,5000.0,298.0,0.13636363636363635,uniform,P4,67.82929,1.5697342e-05,5.049946e-06,0.05771329945180232,2.6869244e-05,2.4862113e-05
HyPer3,HyPer3,10.0,5000.0,298.0,0.13636363636363635,fragmented,P4,100.0,1.505293e-06,0.0,0.05771329945180232,2.6869244e-05,2.4862113e-05
NIR-GECO2,NIR-GECO2,10.0,5000.0,298.0,0.13636363636363635,uniform,P4,67.82929,1.5697342e-05,5.049946e-06,0.05771329945180232,2.6869244e-05,2.4862113e-05
NIR-GECO2,NIR-GECO2,10.0,5000.0,298.0,0.13636363636363635,fragmented,P4,100.0,1.505293e-06,0.0,0.05771329945180232,2.6869244e-05,2.4862113e-05
Perceval,Perceval,10.0,5000.0,298.0,0.13636363636363635,uniform,P4,67.82929,1.5697342e-05,5.049946e-06,0.05771329945180232,2.6869244e-05,2.4862113e-05
Perceval,Perceval,10.0,5000.0,298.0,0.13636363636363635,fragmented,P4,100.0,1.505293e-06,0.0,0.05771329945180232,2.6869244e-05,2.4862113e-05
PercevalHR,PercevalHR,10.0,5000.0,298.0,0.13636363636363635,uniform,P4,67.82929,1.5697342e-05,5.049946e-06,0.05771329945180232,2.6869244e-05,2.4862113e-05
PercevalHR,PercevalHR,10.0,5000.0,298.0,0.13636363636363635,fragmented,P4,100.0,1.505293e-06,0.0,0.05771329945180232,2.6869244e-05,2.4862113e-05
Pink_Flamindo,Pink Flamindo,10.0,5000.0,298.0,0.13636363636363635,uniform,P4,67.82929,1.5697342e-05,5.049946e-06,0.05771329945180232,2.6869244e-05,2.4862113e-05
Pink_Flamindo,Pink Flamindo,10.0,5000.0,298.0,0.13636363636363635,fragmented,P4,100.0,1.505293e-06,0.0,0.05771329945180232,2.6869244e-05,2.4862113e-05
QuasAr2,QuasAr2,10.0,5000.0,298.0,0.13636363636363635,uniform,P4,67.82929,1.5697342e-05,5.049946e-06,0.05771329945180232,2.6869244e-05,2.4862113e-05
QuasAr2,QuasAr2,10.0,5000.0,298.0,0.13636363636363635,fragmented,P4,100.0,1.505293e-06,0.0,0.05771329945180232,2.6869244e-05,2.4862113e-05
R-GECO1,R-GECO1,10.0,5000.0,298.0,0.13636363636363635,uniform,P4,67.82929,1.5697342e-05,5.049946e-06,0.05771329945180232,2.6869244e-05,2.4862113e-05
R-GECO1,R-GECO1,10.0,5000.0,298.0,0.13636363636363635,fragmented,P4,100.0,1.505293e-06,0.0,0.05771329945180232,2.6869244e-05,2.4862113e-05
RCaMP1h,RCaMP1h,10.0,5000.0,298.0,0.13636363636363635,uniform,P4,67.82929,1.5697342e-05,5.049946e-06,0.05771329945180232,2.6869244e-05,2.4862113e-05
RCaMP1h,RCaMP1h,10.0,5000.0,298.0,0.13636363636363635,fragmented,P4,100.0,1.505293e-06,0.0,0.05771329945180232,2.6869244e-05,2.4862113e-05
RCaMP2,RCaMP2,10.0,5000.0,298.0,0.13636363636363635,uniform,P4,67.82929,1.5697342e-05,5.049946e-06,0.05771329945180232,2.6869244e-05,2.4862113e-05
RCaMP2,RCaMP2,10.0,5000.0,298.0,0.13636363636363635,fragmented,P4,100.0,1.505293e-06,0.0,0.05771329945180232,2.6869244e-05,2.4862113e-05
SF-iGluSnFR,SF-iGluSnFR,10.0,5000.0,298.0,0.13636363636363635,uniform,P4,67.82929,1.5697342e-05,5.049946e-06,0.05771329945180232,2.6869244e-05,2.4862113e-05
SF-iGluSnFR,SF-iGluSnFR,10.0,5000.0,298.0,0.13636363636363635,fragmented,P4,100.0,1.505293e-06,0.0,0.05771329945180232,2.6869244e-05,2.4862113e-05
SF-iGluSnFR.A184S,SF-iGluSnFR.A184S,10.0,5000.0,298.0,0.13636363636363635,uniform,P4,67.82929,1.5697342e-05,5.049946e-06,0.05771329945180232,2.6869244e-05,2.4862113e-05
SF-iGluSnFR.A184S,SF-iGluSnFR.A184S,10.0,5000.0,298.0,0.13636363636363635,fragmented,P4,100.0,1.505293e-06,0.0,0.05771329945180232,2.6869244e-05,2.4862113e-05
SypHer3s,SypHer3s,10.0,5000.0,298.0,0.13636363636363635,uniform,P4,67.82929,1.5697342e-05,5.049946e-06,0.05771329945180232,2.6869244e-05,2.4862113e-05
SypHer3s,SypHer3s,10.0,5000.0,298.0,0.13636363636363635,fragmented,P4,100.0,1.505293e-06,0.0,0.05771329945180232,2.6869244e-05,2.4862113e-05
TagBFP2,TagBFP2,10.0,5000.0,298.0,0.13636363636363635,uniform,P4,67.82929,1.5697342e-05,5.049946e-06,0.05771329945180232,2.6869244e-05,2.4862113e-05
TagBFP2,TagBFP2,10.0,5000.0,298.0,0.13636363636363635,fragmented,P4,100.0,1.505293e-06,0.0,0.05771329945180232,2.6869244e-05,2.4862113e-05
TagRFP,TagRFP,10.0,5000.0,298.0,0.13636363636363635,uniform,P4,67.82929,1.5697342e-05,5.049946e-06,0.05771329945180232,2.6869244e-05,2.4862113e-05
TagRFP,TagRFP,10.0,5000.0,298.0,0.13636363636363635,fragmented,P4,100.0,1.505293e-06,0.0,0.05771329945180232,2.6869244e-05,2.4862113e-05
VSFP-Butterfly,VSFP-Butterfly,10.0,5000.0,298.0,0.13636363636363635,uniform,P4,67.82929,1.5697342e-05,5.049946e-06,0.05771329945180232,2.6869244e-05,2.4862113e-05
VSFP-Butterfly,VSFP-Butterfly,10.0,5000.0,298.0,0.13636363636363635,fragmented,P4,100.0,1.505293e-06,0.0,0.05771329945180232,2.6869244e-05,2.4862113e-05
cADDis,cADDis,10.0,5000.0,298.0,0.13636363636363635,uniform,P4,67.82929,1.5697342e-05,5.049946e-06,0.05771329945180232,2.6869244e-05,2.4862113e-05
cADDis,cADDis,10.0,5000.0,298.0,0.13636363636363635,fragmented,P4,100.0,1.505293e-06,0.0,0.05771329945180232,2.6869244e-05,2.4862113e-05
dLight1.1,dLight1.1,10.0,5000.0,298.0,0.13636363636363635,uniform,P4,67.82929,1.5697342e-05,5.049946e-06,0.05771329945180232,2.6869244e-05,2.4862113e-05
dLight1.1,dLight1.1,10.0,5000.0,298.0,0.13636363636363635,fragmented,P4,100.0,1.505293e-06,0.0,0.05771329945180232,2.6869244e-05,2.4862113e-05
dLight1.2,dLight1.2,10.0,5000.0,298.0,0.13636363636363635,uniform,P4,67.82929,1.5697342e-05,5.049946e-06,0.05771329945180232,2.6869244e-05,2.4862113e-05
dLight1.2,dLight1.2,10.0,5000.0,298.0,0.13636363636363635,fragmented,P4,100.0,1.505293e-06,0.0,0.05771329945180232,2.6869244e-05,2.4862113e-05
dLight1.3b,dLight1.3b,10.0,5000.0,298.0,0.13636363636363635,uniform,P4,67.82929,1.5697342e-05,5.049946e-06,0.05771329945180232,2.6869244e-05,2.4862113e-05
dLight1.3b,dLight1.3b,10.0,5000.0,298.0,0.13636363636363635,fragmented,P4,100.0,1.505293e-06,0.0,0.05771329945180232,2.6869244e-05,2.4862113e-05
iAChSnFR,iAChSnFR,10.0,5000.0,298.0,0.13636363636363635,uniform,P4,67.82929,1.5697342e-05,5.049946e-06,0.05771329945180232,2.6869244e-05,2.4862113e-05
iAChSnFR,iAChSnFR,10.0,5000.0,298.0,0.13636363636363635,fragmented,P4,100.0,1.505293e-06,0.0,0.05771329945180232,2.6869244e-05,2.4862113e-05
iGluSnFR,iGluSnFR,10.0,5000.0,298.0,0.13636363636363635,uniform,P4,67.82929,1.5697342e-05,5.049946e-06,0.05771329945180232,2.6869244e-05,2.4862113e-05
iGluSnFR,iGluSnFR,10.0,5000.0,298.0,0.13636363636363635,fragmented,P4,100.0,1.505293e-06,0.0,0.05771329945180232,2.6869244e-05,2.4862113e-05
iGluSnFR-A184S,iGluSnFR-A184S,10.0,5000.0,298.0,0.13636363636363635,uniform,P4,67.82929,1.5697342e-05,5.049946e-06,0.05771329945180232,2.6869244e-05,2.4862113e-05
iGluSnFR-A184S,iGluSnFR-A184S,10.0,5000.0,298.0,0.13636363636363635,fragmented,P4,100.0,1.505293e-06,0.0,0.05771329945180232,2.6869244e-05,2.4862113e-05
jGCaMP7b,jGCaMP7b,10.0,5000.0,298.0,0.13636363636363635,uniform,P4,67.82929,1.5697342e-05,5.049946e-06,0.05771329945180232,2.6869244e-05,2.4862113e-05
jGCaMP7b,jGCaMP7b,10.0,5000.0,298.0,0.13636363636363635,fragmented,P4,100.0,1.505293e-06,0.0,0.05771329945180232,2.6869244e-05,2.4862113e-05
jGCaMP7f,jGCaMP7f,10.0,5000.0,298.0,0.13636363636363635,uniform,P4,67.82929,1.5697342e-05,5.049946e-06,0.05771329945180232,2.6869244e-05,2.4862113e-05
jGCaMP7f,jGCaMP7f,10.0,5000.0,298.0,0.13636363636363635,fragmented,P4,100.0,1.505293e-06,0.0,0.05771329945180232,2.6869244e-05,2.4862113e-05
jGCaMP7s,jGCaMP7s,10.0,5000.0,298.0,0.13636363636363635,uniform,P4,67.82929,1.5697342e-05,5.049946e-06,0.05771329945180232,2.6869244e-05,2.4862113e-05
jGCaMP7s,jGCaMP7s,10.0,5000.0,298.0,0.13636363636363635,fragmented,P4,100.0,1.505293e-06,0.0,0.05771329945180232,2.6869244e-05,2.4862113e-05
jGCaMP8f,jGCaMP8f,10.0,5000.0,298.0,0.13636363636363635,uniform,P4,67.82929,1.5697342e-05,5.049946e-06,0.05771329945180232,2.6869244e-05,2.4862113e-05
jGCaMP8f,jGCaMP8f,10.0,5000.0,298.0,0.13636363636363635,fragmented,P4,100.0,1.505293e-06,0.0,0.05771329945180232,2.6869244e-05,2.4862113e-05
jGCaMP8s,jGCaMP8s,10.0,5000.0,298.0,0.13636363636363635,uniform,P4,67.82929,1.5697342e-05,5.049946e-06,0.05771329945180232,2.6869244e-05,2.4862113e-05
jGCaMP8s,jGCaMP8s,10.0,5000.0,298.0,0.13636363636363635,fragmented,P4,100.0,1.505293e-06,0.0,0.05771329945180232,2.6869244e-05,2.4862113e-05
jRGECO1a,jRGECO1a,10.0,5000.0,298.0,0.13636363636363635,uniform,P4,67.82929,1.5697342e-05,5.049946e-06,0.05771329945180232,2.6869244e-05,2.4862113e-05
jRGECO1a,jRGECO1a,10.0,5000.0,298.0,0.13636363636363635,fragmented,P4,100.0,1.505293e-06,0.0,0.05771329945180232,2.6869244e-05,2.4862113e-05
jRGECO1b,jRGECO1b,10.0,5000.0,298.0,0.13636363636363635,uniform,P4,67.82929,1.5697342e-05,5.049946e-06,0.05771329945180232,2.6869244e-05,2.4862113e-05
jRGECO1b,jRGECO1b,10.0,5000.0,298.0,0.13636363636363635,fragmented,P4,100.0,1.505293e-06,0.0,0.05771329945180232,2.6869244e-05,2.4862113e-05
mCerulean3,mCerulean3,10.0,5000.0,298.0,0.13636363636363635,uniform,P4,67.82929,1.5697342e-05,5.049946e-06,0.05771329945180232,2.6869244e-05,2.4862113e-05
mCerulean3,mCerulean3,10.0,5000.0,298.0,0.13636363636363635,fragmented,P4,100.0,1.505293e-06,0.0,0.05771329945180232,2.6869244e-05,2.4862113e-05
mClover3,mClover3,10.0,5000.0,298.0,0.13636363636363635,uniform,P4,67.82929,1.5697342e-05,5.049946e-06,0.05771329945180232,2.6869244e-05,2.4862113e-05
mClover3,mClover3,10.0,5000.0,298.0,0.13636363636363635,fragmented,P4,100.0,1.505293e-06,0.0,0.05771329945180232,2.6869244e-05,2.4862113e-05
mEmerald,mEmerald,10.0,5000.0,298.0,0.13636363636363635,uniform,P4,67.82929,1.5697342e-05,5.049946e-06,0.05771329945180232,2.6869244e-05,2.4862113e-05
mEmerald,mEmerald,10.0,5000.0,298.0,0.13636363636363635,fragmented,P4,100.0,1.505293e-06,0.0,0.05771329945180232,2.6869244e-05,2.4862113e-05
mNeonGreen,mNeonGreen,10.0,5000.0,298.0,0.13636363636363635,uniform,P4,67.82929,1.5697342e-05,5.049946e-06,0.05771329945180232,2.6869244e-05,2.4862113e-05
mNeonGreen,mNeonGreen,10.0,5000.0,298.0,0.13636363636363635,fragmented,P4,100.0,1.505293e-06,0.0,0.05771329945180232,2.6869244e-05,2.4862113e-05
mTFP1,mTFP1,10.0,5000.0,298.0,0.13636363636363635,uniform,P4,67.82929,1.5697342e-05,5.049946e-06,0.05771329945180232,2.6869244e-05,2.4862113e-05
mTFP1,mTFP1,10.0,5000.0,298.0,0.13636363636363635,fragmented,P4,100.0,1.505293e-06,0.0,0.05771329945180232,2.6869244e-05,2.4862113e-05
mVenus,mVenus,10.0,5000.0,298.0,0.13636363636363635,uniform,P4,67.82929,1.5697342e-05,5.049946e-06,0.05771329945180232,2.6869244e-05,2.4862113e-05
mVenus,mVenus,10.0,5000.0,298.0,0.13636363636363635,fragmented,P4,100.0,1.505293e-06,0.0,0.05771329945180232,2.6869244e-05,2.4862113e-05
pHluorin,pHluorin,10.0,5000.0,298.0,0.13636363636363635,uniform,P4,67.82929,1.5697342e-05,5.049946e-06,0.05771329945180232,2.6869244e-05,2.4862113e-05
pHluorin,pHluorin,10.0,5000.0,298.0,0.13636363636363635,fragmented,P4,100.0,1.505293e-06,0.0,0.05771329945180232,2.6869244e-05,2.4862113e-05
pHuji,pHuji,10.0,5000.0,298.0,0.13636363636363635,uniform,P4,67.82929,1.5697342e-05,5.049946e-06,0.05771329945180232,2.6869244e-05,2.4862113e-05
pHuji,pHuji,10.0,5000.0,298.0,0.13636363636363635,fragmented,P4,100.0,1.505293e-06,0.0,0.05771329945180232,2.6869244e-05,2.4862113e-05
roGFP2,roGFP2,10.0,5000.0,298.0,0.13636363636363635,uniform,P4,67.82929,1.5697342e-05,5.049946e-06,0.05771329945180232,2.6869244e-05,2.4862113e-05
roGFP2,roGFP2,10.0,5000.0,298.0,0.13636363636363635,fragmented,P4,100.0,1.505293e-06,0.0,0.05771329945180232,2.6869244e-05,2.4862113e-05
XCaMP-Gf,XCaMP-Gf,10.0,5000.0,298.0,0.13636363636363635,uniform,P4,67.82929,1.5697342e-05,5.049946e-06,0.05771329945180232,2.6869244e-05,2.4862113e-05
XCaMP-Gf,XCaMP-Gf,10.0,5000.0,298.0,0.13636363636363635,fragmented,P4,100.0,1.505293e-06,0.0,0.05771329945180232,2.6869244e-05,2.4862113e-05
GRAB-ACh4.0,GRAB-ACh4.0,10.0,5000.0,298.0,0.13636363636363635,uniform,P4,67.82929,1.5697342e-05,5.049946e-06,0.05771329945180232,2.6869244e-05,2.4862113e-05
GRAB-ACh4.0,GRAB-ACh4.0,10.0,5000.0,298.0,0.13636363636363635,fragmented,P4,100.0,1.505293e-06,0.0,0.05771329945180232,2.6869244e-05,2.4862113e-05
iGABASnFR,iGABASnFR,10.0,5000.0,298.0,0.13636363636363635,uniform,P4,67.82929,1.5697342e-05,5.049946e-06,0.05771329945180232,2.6869244e-05,2.4862113e-05
iGABASnFR,iGABASnFR,10.0,5000.0,298.0,0.13636363636363635,fragmented,P4,100.0,1.505293e-06,0.0,0.05771329945180232,2.6869244e-05,2.4862113e-05
dLight1.4,dLight1.4,10.0,5000.0,298.0,0.13636363636363635,uniform,P4,67.82929,1.5697342e-05,5.049946e-06,0.05771329945180232,2.6869244e-05,2.4862113e-05
dLight1.4,dLight1.4,10.0,5000.0,298.0,0.13636363636363635,fragmented,P4,100.0,1.505293e-06,0.0,0.05771329945180232,2.6869244e-05,2.4862113e-05
GRAB-5HT2.0,GRAB-5HT2.0,10.0,5000.0,298.0,0.13636363636363635,uniform,P4,67.82929,1.5697342e-05,5.049946e-06,0.05771329945180232,2.6869244e-05,2.4862113e-05
GRAB-5HT2.0,GRAB-5HT2.0,10.0,5000.0,298.0,0.13636363636363635,fragmented,P4,100.0,1.505293e-06,0.0,0.05771329945180232,2.6869244e-05,2.4862113e-05
iGluu,iGluu,10.0,5000.0,298.0,0.13636363636363635,uniform,P4,67.82929,1.5697342e-05,5.049946e-06,0.05771329945180232,2.6869244e-05,2.4862113e-05
iGluu,iGluu,10.0,5000.0,298.0,0.13636363636363635,fragmented,P4,100.0,1.505293e-06,0.0,0.05771329945180232,2.6869244e-05,2.4862113e-05
MaLionR,MaLionR,10.0,5000.0,298.0,0.13636363636363635,uniform,P4,67.82929,1.5697342e-05,5.049946e-06,0.05771329945180232,2.6869244e-05,2.4862113e-05
MaLionR,MaLionR,10.0,5000.0,298.0,0.13636363636363635,fragmented,P4,100.0,1.505293e-06,0.0,0.05771329945180232,2.6869244e-05,2.4862113e-05
ASAP4e,ASAP4e,10.0,5000.0,298.0,0.13636363636363635,uniform,P4,67.82929,1.5697342e-05,5.049946e-06,0.05771329945180232,2.6869244e-05,2.4862113e-05
ASAP4e,ASAP4e,10.0,5000.0,298.0,0.13636363636363635,fragmented,P4,100.0,1.505293e-06,0.0,0.05771329945180232,2.6869244e-05,2.4862113e-05
miRFP670,miRFP670,10.0,5000.0,298.0,0.13636363636363635,uniform,P4,67.82929,1.5697342e-05,5.049946e-06,0.05771329945180232,2.6869244e-05,2.4862113e-05
miRFP670,miRFP670,10.0,5000.0,298.0,0.13636363636363635,fragmented,P4,100.0,1.505293e-06,0.0,0.05771329945180232,2.6869244e-05,2.4862113e-05
roGFP2-Orp1,roGFP2-Orp1,10.0,5000.0,298.0,0.13636363636363635,uniform,P4,67.82929,1.5697342e-05,5.049946e-06,0.05771329945180232,2.6869244e-05,2.4862113e-05
roGFP2-Orp1,roGFP2-Orp1,10.0,5000.0,298.0,0.13636363636363635,fragmented,P4,100.0,1.505293e-06,0.0,0.05771329945180232,2.6869244e-05,2.4862113e-05
pHluorin2,pHluorin2,10.0,5000.0,298.0,0.13636363636363635,uniform,P4,67.82929,1.5697342e-05,5.049946e-06,0.05771329945180232,2.6869244e-05,2.4862113e-05
pHluorin2,pHluorin2,10.0,5000.0,298.0,0.13636363636363635,fragmented,P4,100.0,1.505293e-06,0.0,0.05771329945180232,2.6869244e-05,2.4862113e-05
cAMPr,cAMPr,10.0,5000.0,298.0,0.13636363636363635,uniform,P4,67.82929,1.5697342e-05,5.049946e-06,0.05771329945180232,2.6869244e-05,2.4862113e-05
cAMPr,cAMPr,10.0,5000.0,298.0,0.13636363636363635,fragmented,P4,100.0,1.505293e-06,0.0,0.05771329945180232,2.6869244e-05,2.4862113e-05
GCaMP6m,GCaMP6m,10.0,5000.0,298.0,0.13636363636363635,uniform,P4,67.82929,1.5697342e-05,5.049946e-06,0.05771329945180232,2.6869244e-05,2.4862113e-05
GCaMP6m,GCaMP6m,10.0,5000.0,298.0,0.13636363636363635,fragmented,P4,100.0,1.505293e-06,0.0,0.05771329945180232,2.6869244e-05,2.4862113e-05
jGCaMP7c,jGCaMP7c,10.0,5000.0,298.0,0.13636363636363635,uniform,P4,67.82929,1.5697342e-05,5.049946e-06,0.05771329945180232,2.6869244e-05,2.4862113e-05
jGCaMP7c,jGCaMP7c,10.0,5000.0,298.0,0.13636363636363635,fragmented,P4,100.0,1.505293e-06,0.0,0.05771329945180232,2.6869244e-05,2.4862113e-05
jGCaMP8m,jGCaMP8m,10.0,5000.0,298.0,0.13636363636363635,uniform,P4,67.82929,1.5697342e-05,5.049946e-06,0.05771329945180232,2.6869244e-05,2.4862113e-05
jGCaMP8m,jGCaMP8m,10.0,5000.0,298.0,0.13636363636363635,fragmented,P4,100.0,1.505293e-06,0.0,0.05771329945180232,2.6869244e-05,2.4862113e-05
dLight1.3,dLight1.3,10.0,5000.0,298.0,0.13636363636363635,uniform,P4,67.82929,1.5697342e-05,5.049946e-06,0.05771329945180232,2.6869244e-05,2.4862113e-05
dLight1.3,dLight1.3,10.0,5000.0,298.0,0.13636363636363635,fragmented,P4,100.0,1.505293e-06,0.0,0.05771329945180232,2.6869244e-05,2.4862113e-05
GRAB-DA1h,GRAB-DA1h,10.0,5000.0,298.0,0.13636363636363635,uniform,P4,67.82929,1.5697342e-05,5.049946e-06,0.05771329945180232,2.6869244e-05,2.4862113e-05
GRAB-DA1h,GRAB-DA1h,10.0,5000.0,298.0,0.13636363636363635,fragmented,P4,100.0,1.505293e-06,0.0,0.05771329945180232,2.6869244e-05,2.4862113e-05
mScarlet,mScarlet,10.0,5000.0,298.0,0.13636363636363635,uniform,P4,67.82929,1.5697342e-05,5.049946e-06,0.05771329945180232,2.6869244e-05,2.4862113e-05
mScarlet,mScarlet,10.0,5000.0,298.0,0.13636363636363635,fragmented,P4,100.0,1.505293e-06,0.0,0.05771329945180232,2.6869244e-05,2.4862113e-05
mCherry,mCherry,10.0,5000.0,298.0,0.13636363636363635,uniform,P4,67.82929,1.5697342e-05,5.049946e-06,0.05771329945180232,2.6869244e-05,2.4862113e-05
mCherry,mCherry,10.0,5000.0,298.0,0.13636363636363635,fragmented,P4,100.0,1.505293e-06,0.0,0.05771329945180232,2.6869244e-05,2.4862113e-05
jGCaMP8.1,jGCaMP8.1,10.0,5000.0,298.0,0.13636363636363635,uniform,P4,67.82929,1.5697342e-05,5.049946e-06,0.05771329945180232,2.6869244e-05,2.4862113e-05
jGCaMP8.1,jGCaMP8.1,10.0,5000.0,298.0,0.13636363636363635,fragmented,P4,100.0,1.505293e-06,0.0,0.05771329945180232,2.6869244e-05,2.4862113e-05
jGCaMP8.2,jGCaMP8.2,10.0,5000.0,298.0,0.13636363636363635,uniform,P4,67.82929,1.5697342e-05,5.049946e-06,0.05771329945180232,2.6869244e-05,2.4862113e-05
jGCaMP8.2,jGCaMP8.2,10.0,5000.0,298.0,0.13636363636363635,fragmented,P4,100.0,1.505293e-06,0.0,0.05771329945180232,2.6869244e-05,2.4862113e-05
XCaMP-Gs,XCaMP-Gs,10.0,5000.0,298.0,0.13636363636363635,uniform,P4,67.82929,1.5697342e-05,5.049946e-06,0.05771329945180232,2.6869244e-05,2.4862113e-05
XCaMP-Gs,XCaMP-Gs,10.0,5000.0,298.0,0.13636363636363635,fragmented,P4,100.0,1.505293e-06,0.0,0.05771329945180232,2.6869244e-05,2.4862113e-05
XCaMP-R,XCaMP-R,10.0,5000.0,298.0,0.13636363636363635,uniform,P4,67.82929,1.5697342e-05,5.049946e-06,0.05771329945180232,2.6869244e-05,2.4862113e-05
XCaMP-R,XCaMP-R,10.0,5000.0,298.0,0.13636363636363635,fragmented,P4,100.0,1.505293e-06,0.0,0.05771329945180232,2.6869244e-05,2.4862113e-05
GCaMP-X,GCaMP-X,10.0,5000.0,298.0,0.13636363636363635,uniform,P4,67.82929,1.5697342e-05,5.049946e-06,0.05771329945180232,2.6869244e-05,2.4862113e-05
GCaMP-X,GCaMP-X,10.0,5000.0,298.0,0.13636363636363635,fragmented,P4,100.0,1.505293e-06,0.0,0.05771329945180232,2.6869244e-05,2.4862113e-05
jGCaMP7a,jGCaMP7a,10.0,5000.0,298.0,0.13636363636363635,uniform,P4,67.82929,1.5697342e-05,5.049946e-06,0.05771329945180232,2.6869244e-05,2.4862113e-05
jGCaMP7a,jGCaMP7a,10.0,5000.0,298.0,0.13636363636363635,fragmented,P4,100.0,1.505293e-06,0.0,0.05771329945180232,2.6869244e-05,2.4862113e-05
jGCaMP7d,jGCaMP7d,10.0,5000.0,298.0,0.13636363636363635,uniform,P4,67.82929,1.5697342e-05,5.049946e-06,0.05771329945180232,2.6869244e-05,2.4862113e-05
jGCaMP7d,jGCaMP7d,10.0,5000.0,298.0,0.13636363636363635,fragmented,P4,100.0,1.505293e-06,0.0,0.05771329945180232,2.6869244e-05,2.4862113e-05
NES-jGCaMP8s,NES-jGCaMP8s,10.0,5000.0,298.0,0.13636363636363635,uniform,P4,67.82929,1.5697342e-05,5.049946e-06,0.05771329945180232,2.6869244e-05,2.4862113e-05
NES-jGCaMP8s,NES-jGCaMP8s,10.0,5000.0,298.0,0.13636363636363635,fragmented,P4,100.0,1.505293e-06,0.0,0.05771329945180232,2.6869244e-05,2.4862113e-05
GCaMP6u,GCaMP6u,10.0,5000.0,298.0,0.13636363636363635,uniform,P4,67.82929,1.5697342e-05,5.049946e-06,0.05771329945180232,2.6869244e-05,2.4862113e-05
GCaMP6u,GCaMP6u,10.0,5000.0,298.0,0.13636363636363635,fragmented,P4,100.0,1.505293e-06,0.0,0.05771329945180232,2.6869244e-05,2.4862113e-05
ASAP4f,ASAP4f,10.0,5000.0,298.0,0.13636363636363635,uniform,P4,67.82929,1.5697342e-05,5.049946e-06,0.05771329945180232,2.6869244e-05,2.4862113e-05
ASAP4f,ASAP4f,10.0,5000.0,298.0,0.13636363636363635,fragmented,P4,100.0,1.505293e-06,0.0,0.05771329945180232,2.6869244e-05,2.4862113e-05
Archon2,Archon2,10.0,5000.0,298.0,0.13636363636363635,uniform,P4,67.82929,1.5697342e-05,5.049946e-06,0.05771329945180232,2.6869244e-05,2.4862113e-05
Archon2,Archon2,10.0,5000.0,298.0,0.13636363636363635,fragmented,P4,100.0,1.505293e-06,0.0,0.05771329945180232,2.6869244e-05,2.4862113e-05
VARNAM,VARNAM,10.0,5000.0,298.0,0.13636363636363635,uniform,P4,67.82929,1.5697342e-05,5.049946e-06,0.05771329945180232,2.6869244e-05,2.4862113e-05
VARNAM,VARNAM,10.0,5000.0,298.0,0.13636363636363635,fragmented,P4,100.0,1.505293e-06,0.0,0.05771329945180232,2.6869244e-05,2.4862113e-05
QuasAr3,QuasAr3,10.0,5000.0,298.0,0.13636363636363635,uniform,P4,67.82929,1.5697342e-05,5.049946e-06,0.05771329945180232,2.6869244e-05,2.4862113e-05
QuasAr3,QuasAr3,10.0,5000.0,298.0,0.13636363636363635,fragmented,P4,100.0,1.505293e-06,0.0,0.05771329945180232,2.6869244e-05,2.4862113e-05
QuasAr-Orange,QuasAr-Orange,10.0,5000.0,298.0,0.13636363636363635,uniform,P4,67.82929,1.5697342e-05,5.049946e-06,0.05771329945180232,2.6869244e-05,2.4862113e-05
QuasAr-Orange,QuasAr-Orange,10.0,5000.0,298.0,0.13636363636363635,fragmented,P4,100.0,1.505293e-06,0.0,0.05771329945180232,2.6869244e-05,2.4862113e-05
Ace2N-4AA,Ace2N-4AA,10.0,5000.0,298.0,0.13636363636363635,uniform,P4,67.82929,1.5697342e-05,5.049946e-06,0.05771329945180232,2.6869244e-05,2.4862113e-05
Ace2N-4AA,Ace2N-4AA,10.0,5000.0,298.0,0.13636363636363635,fragmented,P4,100.0,1.505293e-06,0.0,0.05771329945180232,2.6869244e-05,2.4862113e-05
GRAB-DA3h,GRAB-DA3h,10.0,5000.0,298.0,0.13636363636363635,uniform,P4,67.82929,1.5697342e-05,5.049946e-06,0.05771329945180232,2.6869244e-05,2.4862113e-05
GRAB-DA3h,GRAB-DA3h,10.0,5000.0,298.0,0.13636363636363635,fragmented,P4,100.0,1.505293e-06,0.0,0.05771329945180232,2.6869244e-05,2.4862113e-05
GRAB-DA3m,GRAB-DA3m,10.0,5000.0,298.0,0.13636363636363635,uniform,P4,67.82929,1.5697342e-05,5.049946e-06,0.05771329945180232,2.6869244e-05,2.4862113e-05
GRAB-DA3m,GRAB-DA3m,10.0,5000.0,298.0,0.13636363636363635,fragmented,P4,100.0,1.505293e-06,0.0,0.05771329945180232,2.6869244e-05,2.4862113e-05
rDA2m,rDA2m,10.0,5000.0,298.0,0.13636363636363635,uniform,P4,67.82929,1.5697342e-05,5.049946e-06,0.05771329945180232,2.6869244e-05,2.4862113e-05
rDA2m,rDA2m,10.0,5000.0,298.0,0.13636363636363635,fragmented,P4,100.0,1.505293e-06,0.0,0.05771329945180232,2.6869244e-05,2.4862113e-05
GRAB-ACh4.3,GRAB-ACh4.3,10.0,5000.0,298.0,0.13636363636363635,uniform,P4,67.82929,1.5697342e-05,5.049946e-06,0.05771329945180232,2.6869244e-05,2.4862113e-05
GRAB-ACh4.3,GRAB-ACh4.3,10.0,5000.0,298.0,0.13636363636363635,fragmented,P4,100.0,1.505293e-06,0.0,0.05771329945180232,2.6869244e-05,2.4862113e-05
iAChSnFR3s,iAChSnFR3s,10.0,5000.0,298.0,0.13636363636363635,uniform,P4,67.82929,1.5697342e-05,5.049946e-06,0.05771329945180232,2.6869244e-05,2.4862113e-05
iAChSnFR3s,iAChSnFR3s,10.0,5000.0,298.0,0.13636363636363635,fragmented,P4,100.0,1.505293e-06,0.0,0.05771329945180232,2.6869244e-05,2.4862113e-05
GRAB-NE2m,GRAB-NE2m,10.0,5000.0,298.0,0.13636363636363635,uniform,P4,67.82929,1.5697342e-05,5.049946e-06,0.05771329945180232,2.6869244e-05,2.4862113e-05
GRAB-NE2m,GRAB-NE2m,10.0,5000.0,298.0,0.13636363636363635,fragmented,P4,100.0,1.505293e-06,0.0,0.05771329945180232,2.6869244e-05,2.4862113e-05
GRAB-GABA1.0,GRAB-GABA1.0,10.0,5000.0,298.0,0.13636363636363635,uniform,P4,67.82929,1.5697342e-05,5.049946e-06,0.05771329945180232,2.6869244e-05,2.4862113e-05
GRAB-GABA1.0,GRAB-GABA1.0,10.0,5000.0,298.0,0.13636363636363635,fragmented,P4,100.0,1.505293e-06,0.0,0.05771329945180232,2.6869244e-05,2.4862113e-05
iGABASnFR2,iGABASnFR2,10.0,5000.0,298.0,0.13636363636363635,uniform,P4,67.82929,1.5697342e-05,5.049946e-06,0.05771329945180232,2.6869244e-05,2.4862113e-05
iGABASnFR2,iGABASnFR2,10.0,5000.0,298.0,0.13636363636363635,fragmented,P4,100.0,1.505293e-06,0.0,0.05771329945180232,2.6869244e-05,2.4862113e-05
iGluSnFR3,iGluSnFR3,10.0,5000.0,298.0,0.13636363636363635,uniform,P4,67.82929,1.5697342e-05,5.049946e-06,0.05771329945180232,2.6869244e-05,2.4862113e-05
iGluSnFR3,iGluSnFR3,10.0,5000.0,298.0,0.13636363636363635,fragmented,P4,100.0,1.505293e-06,0.0,0.05771329945180232,2.6869244e-05,2.4862113e-05
SF-Venus-iGluSnFR,SF-Venus-iGluSnFR,10.0,5000.0,298.0,0.13636363636363635,uniform,P4,67.82929,1.5697342e-05,5.049946e-06,0.05771329945180232,2.6869244e-05,2.4862113e-05
SF-Venus-iGluSnFR,SF-Venus-iGluSnFR,10.0,5000.0,298.0,0.13636363636363635,fragmented,P4,100.0,1.505293e-06,0.0,0.05771329945180232,2.6869244e-05,2.4862113e-05
iGlu-Red,iGlu-Red,10.0,5000.0,298.0,0.13636363636363635,uniform,P4,67.82929,1.5697342e-05,5.049946e-06,0.05771329945180232,2.6869244e-05,2.4862113e-05
iGlu-Red,iGlu-Red,10.0,5000.0,298.0,0.13636363636363635,fragmented,P4,100.0,1.505293e-06,0.0,0.05771329945180232,2.6869244e-05,2.4862113e-05
pHRed,pHRed,10.0,5000.0,298.0,0.13636363636363635,uniform,P4,67.82929,1.5697342e-05,5.049946e-06,0.05771329945180232,2.6869244e-05,2.4862113e-05
pHRed,pHRed,10.0,5000.0,298.0,0.13636363636363635,fragmented,P4,100.0,1.505293e-06,0.0,0.05771329945180232,2.6869244e-05,2.4862113e-05
pHoran4,pHoran4,10.0,5000.0,298.0,0.13636363636363635,uniform,P4,67.82929,1.5697342e-05,5.049946e-06,0.05771329945180232,2.6869244e-05,2.4862113e-05
pHoran4,pHoran4,10.0,5000.0,298.0,0.13636363636363635,fragmented,P4,100.0,1.505293e-06,0.0,0.05771329945180232,2.6869244e-05,2.4862113e-05
SypHer-dMito,SypHer-dMito,10.0,5000.0,298.0,0.13636363636363635,uniform,P4,67.82929,1.5697342e-05,5.049946e-06,0.05771329945180232,2.6869244e-05,2.4862113e-05
SypHer-dMito,SypHer-dMito,10.0,5000.0,298.0,0.13636363636363635,fragmented,P4,100.0,1.505293e-06,0.0,0.05771329945180232,2.6869244e-05,2.4862113e-05
Flamindo2,Flamindo2,10.0,5000.0,298.0,0.13636363636363635,uniform,P4,67.82929,1.5697342e-05,5.049946e-06,0.05771329945180232,2.6869244e-05,2.4862113e-05
Flamindo2,Flamindo2,10.0,5000.0,298.0,0.13636363636363635,fragmented,P4,100.0,1.505293e-06,0.0,0.05771329945180232,2.6869244e-05,2.4862113e-05
Red-Flamindo2,Red-Flamindo2,10.0,5000.0,298.0,0.13636363636363635,uniform,P4,67.82929,1.5697342e-05,5.049946e-06,0.05771329945180232,2.6869244e-05,2.4862113e-05
Red-Flamindo2,Red-Flamindo2,10.0,5000.0,298.0,0.13636363636363635,fragmented,P4,100.0,1.505293e-06,0.0,0.05771329945180232,2.6869244e-05,2.4862113e-05
iATPSnFR,iATPSnFR,10.0,5000.0,298.0,0.13636363636363635,uniform,P4,67.82929,1.5697342e-05,5.049946e-06,0.05771329945180232,2.6869244e-05,2.4862113e-05
iATPSnFR,iATPSnFR,10.0,5000.0,298.0,0.13636363636363635,fragmented,P4,100.0,1.505293e-06,0.0,0.05771329945180232,2.6869244e-05,2.4862113e-05
RoSella,RoSella,10.0,5000.0,298.0,0.13636363636363635,uniform,P4,67.82929,1.5697342e-05,5.049946e-06,0.05771329945180232,2.6869244e-05,2.4862113e-05
RoSella,RoSella,10.0,5000.0,298.0,0.13636363636363635,fragmented,P4,100.0,1.505293e-06,0.0,0.05771329945180232,2.6869244e-05,2.4862113e-05
mNeonGreen2,mNeonGreen2,10.0,5000.0,298.0,0.13636363636363635,uniform,P4,67.82929,1.5697342e-05,5.049946e-06,0.05771329945180232,2.6869244e-05,2.4862113e-05
mNeonGreen2,mNeonGreen2,10.0,5000.0,298.0,0.13636363636363635,fragmented,P4,100.0,1.505293e-06,0.0,0.05771329945180232,2.6869244e-05,2.4862113e-05
mTurquoise3,mTurquoise3,10.0,5000.0,298.0,0.13636363636363635,uniform,P4,67.82929,1.5697342e-05,5.049946e-06,0.05771329945180232,2.6869244e-05,2.4862113e-05
mTurquoise3,mTurquoise3,10.0,5000.0,298.0,0.13636363636363635,fragmented,P4,100.0,1.505293e-06,0.0,0.05771329945180232,2.6869244e-05,2.4862113e-05
mRuby3,mRuby3,10.0,5000.0,298.0,0.13636363636363635,uniform,P4,67.82929,1.5697342e-05,5.049946e-06,0.05771329945180232,2.6869244e-05,2.4862113e-05
mRuby3,mRuby3,10.0,5000.0,298.0,0.13636363636363635,fragmented,P4,100.0,1.505293e-06,0.0,0.05771329945180232,2.6869244e-05,2.4862113e-05
mCardinal2,mCardinal2,10.0,5000.0,298.0,0.13636363636363635,uniform,P4,67.82929,1.5697342e-05,5.049946e-06,0.05771329945180232,2.6869244e-05,2.4862113e-05
mCardinal2,mCardinal2,10.0,5000.0,298.0,0.13636363636363635,fragmented,P4,100.0,1.505293e-06,0.0,0.05771329945180232,2.6869244e-05,2.4862113e-05
mIFP,mIFP,10.0,5000.0,298.0,0.13636363636363635,uniform,P4,67.82929,1.5697342e-05,5.049946e-06,0.05771329945180232,2.6869244e-05,2.4862113e-05
mIFP,mIFP,10.0,5000.0,298.0,0.13636363636363635,fragmented,P4,100.0,1.505293e-06,0.0,0.05771329945180232,2.6869244e-05,2.4862113e-05
jGCaMP8.3,jGCaMP8.3,10.0,5000.0,298.0,0.13636363636363635,uniform,P4,67.82929,1.5697342e-05,5.049946e-06,0.05771329945180232,2.6869244e-05,2.4862113e-05
jGCaMP8.3,jGCaMP8.3,10.0,5000.0,298.0,0.13636363636363635,fragmented,P4,100.0,1.505293e-06,0.0,0.05771329945180232,2.6869244e-05,2.4862113e-05
GCaMP-R,GCaMP-R,10.0,5000.0,298.0,0.13636363636363635,uniform,P4,67.82929,1.5697342e-05,5.049946e-06,0.05771329945180232,2.6869244e-05,2.4862113e-05
GCaMP-R,GCaMP-R,10.0,5000.0,298.0,0.13636363636363635,fragmented,P4,100.0,1.505293e-06,0.0,0.05771329945180232,2.6869244e-05,2.4862113e-05
K-GECO1,K-GECO1,10.0,5000.0,298.0,0.13636363636363635,uniform,P4,67.82929,1.5697342e-05,5.049946e-06,0.05771329945180232,2.6869244e-05,2.4862113e-05
K-GECO1,K-GECO1,10.0,5000.0,298.0,0.13636363636363635,fragmented,P4,100.0,1.505293e-06,0.0,0.05771329945180232,2.6869244e-05,2.4862113e-05
O-GECO1,O-GECO1,10.0,5000.0,298.0,0.13636363636363635,uniform,P4,67.82929,1.5697342e-05,5.049946e-06,0.05771329945180232,2.6869244e-05,2.4862113e-05
O-GECO1,O-GECO1,10.0,5000.0,298.0,0.13636363636363635,fragmented,P4,100.0,1.505293e-06,0.0,0.05771329945180232,2.6869244e-05,2.4862113e-05
CatchER,CatchER,10.0,5000.0,298.0,0.13636363636363635,uniform,P4,67.82929,1.5697342e-05,5.049946e-06,0.05771329945180232,2.6869244e-05,2.4862113e-05
CatchER,CatchER,10.0,5000.0,298.0,0.13636363636363635,fragmented,P4,100.0,1.505293e-06,0.0,0.05771329945180232,2.6869244e-05,2.4862113e-05
CEPIA1er,CEPIA1er,10.0,5000.0,298.0,0.13636363636363635,uniform,P4,67.82929,1.5697342e-05,5.049946e-06,0.05771329945180232,2.6869244e-05,2.4862113e-05
CEPIA1er,CEPIA1er,10.0,5000.0,298.0,0.13636363636363635,fragmented,P4,100.0,1.505293e-06,0.0,0.05771329945180232,2.6869244e-05,2.4862113e-05
CEPIA2mt,CEPIA2mt,10.0,5000.0,298.0,0.13636363636363635,uniform,P4,67.82929,1.5697342e-05,5.049946e-06,0.05771329945180232,2.6869244e-05,2.4862113e-05
CEPIA2mt,CEPIA2mt,10.0,5000.0,298.0,0.13636363636363635,fragmented,P4,100.0,1.505293e-06,0.0,0.05771329945180232,2.6869244e-05,2.4862113e-05
GCaMP-HS,GCaMP-HS,10.0,5000.0,298.0,0.13636363636363635,uniform,P4,67.82929,1.5697342e-05,5.049946e-06,0.05771329945180232,2.6869244e-05,2.4862113e-05
GCaMP-HS,GCaMP-HS,10.0,5000.0,298.0,0.13636363636363635,fragmented,P4,100.0,1.505293e-06,0.0,0.05771329945180232,2.6869244e-05,2.4862113e-05
GCaMP8.5,GCaMP8.5,10.0,5000.0,298.0,0.13636363636363635,uniform,P4,67.82929,1.5697342e-05,5.049946e-06,0.05771329945180232,2.6869244e-05,2.4862113e-05
GCaMP8.5,GCaMP8.5,10.0,5000.0,298.0,0.13636363636363635,fragmented,P4,100.0,1.505293e-06,0.0,0.05771329945180232,2.6869244e-05,2.4862113e-05
XCaMP-Y,XCaMP-Y,10.0,5000.0,298.0,0.13636363636363635,uniform,P4,67.82929,1.5697342e-05,5.049946e-06,0.05771329945180232,2.6869244e-05,2.4862113e-05
XCaMP-Y,XCaMP-Y,10.0,5000.0,298.0,0.13636363636363635,fragmented,P4,100.0,1.505293e-06,0.0,0.05771329945180232,2.6869244e-05,2.4862113e-05
Cal-520,Cal-520,10.0,5000.0,298.0,0.13636363636363635,uniform,P4,67.82929,1.5697342e-05,5.049946e-06,0.05771329945180232,2.6869244e-05,2.4862113e-05
Cal-520,Cal-520,10.0,5000.0,298.0,0.13636363636363635,fragmented,P4,100.0,1.505293e-06,0.0,0.05771329945180232,2.6869244e-05,2.4862113e-05
Cal-590,Cal-590,10.0,5000.0,298.0,0.13636363636363635,uniform,P4,67.82929,1.5697342e-05,5.049946e-06,0.05771329945180232,2.6869244e-05,2.4862113e-05
Cal-590,Cal-590,10.0,5000.0,298.0,0.13636363636363635,fragmented,P4,100.0,1.505293e-06,0.0,0.05771329945180232,2.6869244e-05,2.4862113e-05
ASAP-Y,ASAP-Y,10.0,5000.0,298.0,0.13636363636363635,uniform,P4,67.82929,1.5697342e-05,5.049946e-06,0.05771329945180232,2.6869244e-05,2.4862113e-05
ASAP-Y,ASAP-Y,10.0,5000.0,298.0,0.13636363636363635,fragmented,P4,100.0,1.505293e-06,0.0,0.05771329945180232,2.6869244e-05,2.4862113e-05
Butterfly1.2,Butterfly1.2,10.0,5000.0,298.0,0.13636363636363635,uniform,P4,67.82929,1.5697342e-05,5.049946e-06,0.05771329945180232,2.6869244e-05,2.4862113e-05
Butterfly1.2,Butterfly1.2,10.0,5000.0,298.0,0.13636363636363635,fragmented,P4,100.0,1.505293e-06,0.0,0.05771329945180232,2.6869244e-05,2.4862113e-05
FlicR1,FlicR1,10.0,5000.0,298.0,0.13636363636363635,uniform,P4,67.82929,1.5697342e-05,5.049946e-06,0.05771329945180232,2.6869244e-05,2.4862113e-05
FlicR1,FlicR1,10.0,5000.0,298.0,0.13636363636363635,fragmented,P4,100.0,1.505293e-06,0.0,0.05771329945180232,2.6869244e-05,2.4862113e-05
Marina,Marina,10.0,5000.0,298.0,0.13636363636363635,uniform,P4,67.82929,1.5697342e-05,5.049946e-06,0.05771329945180232,2.6869244e-05,2.4862113e-05
Marina,Marina,10.0,5000.0,298.0,0.13636363636363635,fragmented,P4,100.0,1.505293e-06,0.0,0.05771329945180232,2.6869244e-05,2.4862113e-05
Voltron,Voltron,10.0,5000.0,298.0,0.13636363636363635,uniform,P4,67.82929,1.5697342e-05,5.049946e-06,0.05771329945180232,2.6869244e-05,2.4862113e-05
Voltron,Voltron,10.0,5000.0,298.0,0.13636363636363635,fragmented,P4,100.0,1.505293e-06,0.0,0.05771329945180232,2.6869244e-05,2.4862113e-05
Voltron-JF552,Voltron-JF552,10.0,5000.0,298.0,0.13636363636363635,uniform,P4,67.82929,1.5697342e-05,5.049946e-06,0.05771329945180232,2.6869244e-05,2.4862113e-05
Voltron-JF552,Voltron-JF552,10.0,5000.0,298.0,0.13636363636363635,fragmented,P4,100.0,1.505293e-06,0.0,0.05771329945180232,2.6869244e-05,2.4862113e-05
SomArchon,SomArchon,10.0,5000.0,298.0,0.13636363636363635,uniform,P4,67.82929,1.5697342e-05,5.049946e-06,0.05771329945180232,2.6869244e-05,2.4862113e-05
SomArchon,SomArchon,10.0,5000.0,298.0,0.13636363636363635,fragmented,P4,100.0,1.505293e-06,0.0,0.05771329945180232,2.6869244e-05,2.4862113e-05
rGRAB-DA1h,rGRAB-DA1h,10.0,5000.0,298.0,0.13636363636363635,uniform,P4,67.82929,1.5697342e-05,5.049946e-06,0.05771329945180232,2.6869244e-05,2.4862113e-05
rGRAB-DA1h,rGRAB-DA1h,10.0,5000.0,298.0,0.13636363636363635,fragmented,P4,100.0,1.505293e-06,0.0,0.05771329945180232,2.6869244e-05,2.4862113e-05
dLight1.3a,dLight1.3a,10.0,5000.0,298.0,0.13636363636363635,uniform,P4,67.82929,1.5697342e-05,5.049946e-06,0.05771329945180232,2.6869244e-05,2.4862113e-05
dLight1.3a,dLight1.3a,10.0,5000.0,298.0,0.13636363636363635,fragmented,P4,100.0,1.505293e-06,0.0,0.05771329945180232,2.6869244e-05,2.4862113e-05
GRABNE1h,GRABNE1h,10.0,5000.0,298.0,0.13636363636363635,uniform,P4,67.82929,1.5697342e-05,5.049946e-06,0.05771329945180232,2.6869244e-05,2.4862113e-05
GRABNE1h,GRABNE1h,10.0,5000.0,298.0,0.13636363636363635,fragmented,P4,100.0,1.505293e-06,0.0,0.05771329945180232,2.6869244e-05,2.4862113e-05
iGABASn_FR3,iGABASn FR3,10.0,5000.0,298.0,0.13636363636363635,uniform,P4,67.82929,1.5697342e-05,5.049946e-06,0.05771329945180232,2.6869244e-05,2.4862113e-05
iGABASn_FR3,iGABASn FR3,10.0,5000.0,298.0,0.13636363636363635,fragmented,P4,100.0,1.505293e-06,0.0,0.05771329945180232,2.6869244e-05,2.4862113e-05
GRAB-Histamine,GRAB-Histamine,10.0,5000.0,298.0,0.13636363636363635,uniform,P4,67.82929,1.5697342e-05,5.049946e-06,0.05771329945180232,2.6869244e-05,2.4862113e-05
GRAB-Histamine,GRAB-Histamine,10.0,5000.0,298.0,0.13636363636363635,fragmented,P4,100.0,1.505293e-06,0.0,0.05771329945180232,2.6869244e-05,2.4862113e-05
GRAB-Opioid,GRAB-Opioid,10.0,5000.0,298.0,0.13636363636363635,uniform,P4,67.82929,1.5697342e-05,5.049946e-06,0.05771329945180232,2.6869244e-05,2.4862113e-05
GRAB-Opioid,GRAB-Opioid,10.0,5000.0,298.0,0.13636363636363635,fragmented,P4,100.0,1.505293e-06,0.0,0.05771329945180232,2.6869244e-05,2.4862113e-05
iGlu-mOrange,iGlu-mOrange,10.0,5000.0,298.0,0.13636363636363635,uniform,P4,67.82929,1.5697342e-05,5.049946e-06,0.05771329945180232,2.6869244e-05,2.4862113e-05
iGlu-mOrange,iGlu-mOrange,10.0,5000.0,298.0,0.13636363636363635,fragmented,P4,100.0,1.505293e-06,0.0,0.05771329945180232,2.6869244e-05,2.4862113e-05
GRAB-Glu,GRAB-Glu,10.0,5000.0,298.0,0.13636363636363635,uniform,P4,67.82929,1.5697342e-05,5.049946e-06,0.05771329945180232,2.6869244e-05,2.4862113e-05
GRAB-Glu,GRAB-Glu,10.0,5000.0,298.0,0.13636363636363635,fragmented,P4,100.0,1.505293e-06,0.0,0.05771329945180232,2.6869244e-05,2.4862113e-05
mOrange-pH,mOrange-pH,10.0,5000.0,298.0,0.13636363636363635,uniform,P4,67.82929,1.5697342e-05,5.049946e-06,0.05771329945180232,2.6869244e-05,2.4862113e-05
mOrange-pH,mOrange-pH,10.0,5000.0,298.0,0.13636363636363635,fragmented,P4,100.0,1.505293e-06,0.0,0.05771329945180232,2.6869244e-05,2.4862113e-05
pHTomato,pHTomato,10.0,5000.0,298.0,0.13636363636363635,uniform,P4,67.82929,1.5697342e-05,5.049946e-06,0.05771329945180232,2.6869244e-05,2.4862113e-05
pHTomato,pHTomato,10.0,5000.0,298.0,0.13636363636363635,fragmented,P4,100.0,1.505293e-06,0.0,0.05771329945180232,2.6869244e-05,2.4862113e-05
pHGFP,pHGFP,10.0,5000.0,298.0,0.13636363636363635,uniform,P4,67.82929,1.5697342e-05,5.049946e-06,0.05771329945180232,2.6869244e-05,2.4862113e-05
pHGFP,pHGFP,10.0,5000.0,298.0,0.13636363636363635,fragmented,P4,100.0,1.505293e-06,0.0,0.05771329945180232,2.6869244e-05,2.4862113e-05
cGreenDo1,cGreenDo1,10.0,5000.0,298.0,0.13636363636363635,uniform,P4,67.82929,1.5697342e-05,5.049946e-06,0.05771329945180232,2.6869244e-05,2.4862113e-05
cGreenDo1,cGreenDo1,10.0,5000.0,298.0,0.13636363636363635,fragmented,P4,100.0,1.505293e-06,0.0,0.05771329945180232,2.6869244e-05,2.4862113e-05
Red_cGES,Red cGES,10.0,5000.0,298.0,0.13636363636363635,uniform,P4,67.82929,1.5697342e-05,5.049946e-06,0.05771329945180232,2.6869244e-05,2.4862113e-05
Red_cGES,Red cGES,10.0,5000.0,298.0,0.13636363636363635,fragmented,P4,100.0,1.505293e-06,0.0,0.05771329945180232,2.6869244e-05,2.4862113e-05
TEpacVV,TEpacVV,10.0,5000.0,298.0,0.13636363636363635,uniform,P4,67.82929,1.5697342e-05,5.049946e-06,0.05771329945180232,2.6869244e-05,2.4862113e-05
TEpacVV,TEpacVV,10.0,5000.0,298.0,0.13636363636363635,fragmented,P4,100.0,1.505293e-06,0.0,0.05771329945180232,2.6869244e-05,2.4862113e-05
Peredox,Peredox,10.0,5000.0,298.0,0.13636363636363635,uniform,P4,67.82929,1.5697342e-05,5.049946e-06,0.05771329945180232,2.6869244e-05,2.4862113e-05
Peredox,Peredox,10.0,5000.0,298.0,0.13636363636363635,fragmented,P4,100.0,1.505293e-06,0.0,0.05771329945180232,2.6869244e-05,2.4862113e-05
SoNar,SoNar,10.0,5000.0,298.0,0.13636363636363635,uniform,P4,67.82929,1.5697342e-05,5.049946e-06,0.05771329945180232,2.6869244e-05,2.4862113e-05
SoNar,SoNar,10.0,5000.0,298.0,0.13636363636363635,fragmented,P4,100.0,1.505293e-06,0.0,0.05771329945180232,2.6869244e-05,2.4862113e-05
Frex,Frex,10.0,5000.0,298.0,0.13636363636363635,uniform,P4,67.82929,1.5697342e-05,5.049946e-06,0.05771329945180232,2.6869244e-05,2.4862113e-05
Frex,Frex,10.0,5000.0,298.0,0.13636363636363635,fragmented,P4,100.0,1.505293e-06,0.0,0.05771329945180232,2.6869244e-05,2.4862113e-05
RP,RP,10.0,5000.0,298.0,0.13636363636363635,uniform,P4,67.82929,1.5697342e-05,5.049946e-06,0.05771329945180232,2.6869244e-05,2.4862113e-05
RP,RP,10.0,5000.0,298.0,0.13636363636363635,fragmented,P4,100.0,1.505293e-06,0.0,0.05771329945180232,2.6869244e-05,2.4862113e-05
HyPer-2,HyPer-2,10.0,5000.0,298.0,0.13636363636363635,uniform,P4,67.82929,1.5697342e-05,5.049946e-06,0.05771329945180232,2.6869244e-05,2.4862113e-05
HyPer-2,HyPer-2,10.0,5000.0,298.0,0.13636363636363635,fragmented,P4,100.0,1.505293e-06,0.0,0.05771329945180232,2.6869244e-05,2.4862113e-05
roGFP-iL,roGFP-iL,10.0,5000.0,298.0,0.13636363636363635,uniform,P4,67.82929,1.5697342e-05,5.049946e-06,0.05771329945180232,2.6869244e-05,2.4862113e-05
roGFP-iL,roGFP-iL,10.0,5000.0,298.0,0.13636363636363635,fragmented,P4,100.0,1.505293e-06,0.0,0.05771329945180232,2.6869244e-05,2.4862113e-05
OxyVFP,OxyVFP,10.0,5000.0,298.0,0.13636363636363635,uniform,P4,67.82929,1.5697342e-05,5.049946e-06,0.05771329945180232,2.6869244e-05,2.4862113e-05
OxyVFP,OxyVFP,10.0,5000.0,298.0,0.13636363636363635,fragmented,P4,100.0,1.505293e-06,0.0,0.05771329945180232,2.6869244e-05,2.4862113e-05
mClover2,mClover2,10.0,5000.0,298.0,0.13636363636363635,uniform,P4,67.82929,1.5697342e-05,5.049946e-06,0.05771329945180232,2.6869244e-05,2.4862113e-05
mClover2,mClover2,10.0,5000.0,298.0,0.13636363636363635,fragmented,P4,100.0,1.505293e-06,0.0,0.05771329945180232,2.6869244e-05,2.4862113e-05
mGreenLantern,mGreenLantern,10.0,5000.0,298.0,0.13636363636363635,uniform,P4,67.82929,1.5697342e-05,5.049946e-06,0.05771329945180232,2.6869244e-05,2.4862113e-05
mGreenLantern,mGreenLantern,10.0,5000.0,298.0,0.13636363636363635,fragmented,P4,100.0,1.505293e-06,0.0,0.05771329945180232,2.6869244e-05,2.4862113e-05
mNeonBlue,mNeonBlue,10.0,5000.0,298.0,0.13636363636363635,uniform,P4,67.82929,1.5697342e-05,5.049946e-06,0.05771329945180232,2.6869244e-05,2.4862113e-05
mNeonBlue,mNeonBlue,10.0,5000.0,298.0,0.13636363636363635,fragmented,P4,100.0,1.505293e-06,0.0,0.05771329945180232,2.6869244e-05,2.4862113e-05
TagBFP,TagBFP,10.0,5000.0,298.0,0.13636363636363635,uniform,P4,67.82929,1.5697342e-05,5.049946e-06,0.05771329945180232,2.6869244e-05,2.4862113e-05
TagBFP,TagBFP,10.0,5000.0,298.0,0.13636363636363635,fragmented,P4,100.0,1.505293e-06,0.0,0.05771329945180232,2.6869244e-05,2.4862113e-05
LSS-mScarlet,LSS-mScarlet,10.0,5000.0,298.0,0.13636363636363635,uniform,P4,67.82929,1.5697342e-05,5.049946e-06,0.05771329945180232,2.6869244e-05,2.4862113e-05
LSS-mScarlet,LSS-mScarlet,10.0,5000.0,298.0,0.13636363636363635,fragmented,P4,100.0,1.505293e-06,0.0,0.05771329945180232,2.6869244e-05,2.4862113e-05
mApple,mApple,10.0,5000.0,298.0,0.13636363636363635,uniform,P4,67.82929,1.5697342e-05,5.049946e-06,0.05771329945180232,2.6869244e-05,2.4862113e-05
mApple,mApple,10.0,5000.0,298.0,0.13636363636363635,fragmented,P4,100.0,1.505293e-06,0.0,0.05771329945180232,2.6869244e-05,2.4862113e-05
mCherry2,mCherry2,10.0,5000.0,298.0,0.13636363636363635,uniform,P4,67.82929,1.5697342e-05,5.049946e-06,0.05771329945180232,2.6869244e-05,2.4862113e-05
mCherry2,mCherry2,10.0,5000.0,298.0,0.13636363636363635,fragmented,P4,100.0,1.505293e-06,0.0,0.05771329945180232,2.6869244e-05,2.4862113e-05
mPlum,mPlum,10.0,5000.0,298.0,0.13636363636363635,uniform,P4,67.82929,1.5697342e-05,5.049946e-06,0.05771329945180232,2.6869244e-05,2.4862113e-05
mPlum,mPlum,10.0,5000.0,298.0,0.13636363636363635,fragmented,P4,100.0,1.505293e-06,0.0,0.05771329945180232,2.6869244e-05,2.4862113e-05
mGrape3,mGrape3,10.0,5000.0,298.0,0.13636363636363635,uniform,P4,67.82929,1.5697342e-05,5.049946e-06,0.05771329945180232,2.6869244e-05,2.4862113e-05
mGrape3,mGrape3,10.0,5000.0,298.0,0.13636363636363635,fragmented,P4,100.0,1.505293e-06,0.0,0.05771329945180232,2.6869244e-05,2.4862113e-05
iRFP720,iRFP720,10.0,5000.0,298.0,0.13636363636363635,uniform,P4,67.82929,1.5697342e-05,5.049946e-06,0.05771329945180232,2.6869244e-05,2.4862113e-05
iRFP720,iRFP720,10.0,5000.0,298.0,0.13636363636363635,fragmented,P4,100.0,1.505293e-06,0.0,0.05771329945180232,2.6869244e-05,2.4862113e-05
mIRFP670nano,mIRFP670nano,10.0,5000.0,298.0,0.13636363636363635,uniform,P4,67.82929,1.5697342e-05,5.049946e-06,0.05771329945180232,2.6869244e-05,2.4862113e-05
mIRFP670nano,mIRFP670nano,10.0,5000.0,298.0,0.13636363636363635,fragmented,P4,100.0,1.505293e-06,0.0,0.05771329945180232,2.6869244e-05,2.4862113e-05
TagCFP,TagCFP,10.0,5000.0,298.0,0.13636363636363635,uniform,P4,67.82929,1.5697342e-05,5.049946e-06,0.05771329945180232,2.6869244e-05,2.4862113e-05
TagCFP,TagCFP,10.0,5000.0,298.0,0.13636363636363635,fragmented,P4,100.0,1.505293e-06,0.0,0.05771329945180232,2.6869244e-05,2.4862113e-05
AmCyan,AmCyan,10.0,5000.0,298.0,0.13636363636363635,uniform,P4,67.82929,1.5697342e-05,5.049946e-06,0.05771329945180232,2.6869244e-05,2.4862113e-05
AmCyan,AmCyan,10.0,5000.0,298.0,0.13636363636363635,fragmented,P4,100.0,1.505293e-06,0.0,0.05771329945180232,2.6869244e-05,2.4862113e-05
mTurquoise,mTurquoise,10.0,5000.0,298.0,0.13636363636363635,uniform,P4,67.82929,1.5697342e-05,5.049946e-06,0.05771329945180232,2.6869244e-05,2.4862113e-05
mTurquoise,mTurquoise,10.0,5000.0,298.0,0.13636363636363635,fragmented,P4,100.0,1.505293e-06,0.0,0.05771329945180232,2.6869244e-05,2.4862113e-05
mAmetrine,mAmetrine,10.0,5000.0,298.0,0.13636363636363635,uniform,P4,67.82929,1.5697342e-05,5.049946e-06,0.05771329945180232,2.6869244e-05,2.4862113e-05
mAmetrine,mAmetrine,10.0,5000.0,298.0,0.13636363636363635,fragmented,P4,100.0,1.505293e-06,0.0,0.05771329945180232,2.6869244e-05,2.4862113e-05
Citrine,Citrine,10.0,5000.0,298.0,0.13636363636363635,uniform,P4,67.82929,1.5697342e-05,5.049946e-06,0.05771329945180232,2.6869244e-05,2.4862113e-05
Citrine,Citrine,10.0,5000.0,298.0,0.13636363636363635,fragmented,P4,100.0,1.505293e-06,0.0,0.05771329945180232,2.6869244e-05,2.4862113e-05
Venus,Venus,10.0,5000.0,298.0,0.13636363636363635,uniform,P4,67.82929,1.5697342e-05,5.049946e-06,0.05771329945180232,2.6869244e-05,2.4862113e-05
Venus,Venus,10.0,5000.0,298.0,0.13636363636363635,fragmented,P4,100.0,1.505293e-06,0.0,0.05771329945180232,2.6869244e-05,2.4862113e-05
YPet,YPet,10.0,5000.0,298.0,0.13636363636363635,uniform,P4,67.82929,1.5697342e-05,5.049946e-06,0.05771329945180232,2.6869244e-05,2.4862113e-05
YPet,YPet,10.0,5000.0,298.0,0.13636363636363635,fragmented,P4,100.0,1.505293e-06,0.0,0.05771329945180232,2.6869244e-05,2.4862113e-05
iZnGreen,iZnGreen,10.0,5000.0,298.0,0.13636363636363635,uniform,P4,67.82929,1.5697342e-05,5.049946e-06,0.05771329945180232,2.6869244e-05,2.4862113e-05
iZnGreen,iZnGreen,10.0,5000.0,298.0,0.13636363636363635,fragmented,P4,100.0,1.505293e-06,0.0,0.05771329945180232,2.6869244e-05,2.4862113e-05
GZnP1,GZnP1,10.0,5000.0,298.0,0.13636363636363635,uniform,P4,67.82929,1.5697342e-05,5.049946e-06,0.05771329945180232,2.6869244e-05,2.4862113e-05
GZnP1,GZnP1,10.0,5000.0,298.0,0.13636363636363635,fragmented,P4,100.0,1.505293e-06,0.0,0.05771329945180232,2.6869244e-05,2.4862113e-05
paQuasAr3,paQuasAr3,10.0,5000.0,298.0,0.13636363636363635,uniform,P4,67.82929,1.5697342e-05,5.049946e-06,0.05771329945180232,2.6869244e-05,2.4862113e-05
paQuasAr3,paQuasAr3,10.0,5000.0,298.0,0.13636363636363635,fragmented,P4,100.0,1.505293e-06,0.0,0.05771329945180232,2.6869244e-05,2.4862113e-05
XCaMP-B,XCaMP-B,10.0,5000.0,298.0,0.13636363636363635,uniform,P4,67.82929,1.5697342e-05,5.049946e-06,0.05771329945180232,2.6869244e-05,2.4862113e-05
XCaMP-B,XCaMP-B,10.0,5000.0,298.0,0.13636363636363635,fragmented,P4,100.0,1.505293e-06,0.0,0.05771329945180232,2.6869244e-05,2.4862113e-05
Caliphr,Caliphr,10.0,5000.0,298.0,0.13636363636363635,uniform,P4,67.82929,1.5697342e-05,5.049946e-06,0.05771329945180232,2.6869244e-05,2.4862113e-05
Caliphr,Caliphr,10.0,5000.0,298.0,0.13636363636363635,fragmented,P4,100.0,1.505293e-06,0.0,0.05771329945180232,2.6869244e-05,2.4862113e-05
GRAB-ATP,GRAB-ATP,10.0,5000.0,298.0,0.13636363636363635,uniform,P4,67.82929,1.5697342e-05,5.049946e-06,0.05771329945180232,2.6869244e-05,2.4862113e-05
GRAB-ATP,GRAB-ATP,10.0,5000.0,298.0,0.13636363636363635,fragmented,P4,100.0,1.505293e-06,0.0,0.05771329945180232,2.6869244e-05,2.4862113e-05
pH-tdGFP,pH-tdGFP,10.0,5000.0,298.0,0.13636363636363635,uniform,P4,67.82929,1.5697342e-05,5.049946e-06,0.05771329945180232,2.6869244e-05,2.4862113e-05
pH-tdGFP,pH-tdGFP,10.0,5000.0,298.0,0.13636363636363635,fragmented,P4,100.0,1.505293e-06,0.0,0.05771329945180232,2.6869244e-05,2.4862113e-05
